<?xml version="1.0" encoding="UTF-8"?>
<project-private xmlns="http://www.netbeans.org/ns/project-private/1">
    <editor-bookmarks xmlns="http://www.netbeans.org/ns/editor-bookmarks/1"/>
    <editor-bookmarks xmlns="http://www.netbeans.org/ns/editor-bookmarks/2" lastBookmarkId="0"/>
    <open-files xmlns="http://www.netbeans.org/ns/projectui-open-files/2">
        <group>
            <file>file:/D:/Stuff_V(262)/Java%20Programs%20&amp;%20Netbeans/netbeans/J2EE/LiveChatProject/web/chat.jsp</file>
            <file>file:/D:/Stuff_V(262)/Java%20Programs%20&amp;%20Netbeans/netbeans/J2EE/LiveChatProject/web/index.jsp</file>
        </group>
    </open-files>
</project-private>
